Top queries,Clicks,Impressions,CTR,Position
ovulation calculator,1,16,6.25%,89.56
social security calculator,1,5,20%,47.4
biorhythm calculator,0,31,0%,27.71
brick calculator,0,22,0%,76.91
student loan calculator,0,18,0%,74.44
freelance rate calculator,0,13,0%,61.54
insulation calculator,0,10,0%,64.5
biorhythm calculator online,0,9,0%,65.33
lutin09 twitch monthly earnings estimate,0,8,0%,8.62
cost per mile,0,8,0%,70.88
laminate flooring calculator,0,8,0%,72.38
batt insulation calculator,0,7,0%,36.29
population calculator,0,7,0%,55.57
biorhythm online,0,7,0%,57.43
student loan repayment calculator,0,7,0%,64.43
freelance pricing calculator,0,7,0%,65.43
visa calculator,0,6,0%,66.5
propane usage calculator,0,6,0%,85.67
freelance hourly rate calculator,0,5,0%,48.8
sonotube sizes,0,5,0%,51.6
steps to calories,0,5,0%,55.2
garden bed soil calculator,0,5,0%,85.8
@ toolmilk com,0,4,0%,2.75
oil barrel price to gas price calculator,0,4,0%,9
quilt backing calculator,0,4,0%,55.5
biorhythms calculator,0,4,0%,67
muzzle energy,0,4,0%,72.5
business income calculator,0,4,0%,74.75
drainage fall calculator,0,4,0%,75.5
student loan payoff calculator,0,4,0%,75.5
dew point calculator,0,4,0%,76.75
calculate student loan payments,0,4,0%,79
student+loan+calculator,0,4,0%,81
raised bed soil calculator,0,4,0%,82.25
soil calculator raised bed,0,4,0%,82.75
oil price to gas price calculator,0,3,0%,5.67
"rv 20,000 btu furnace propane consumption per hour",0,3,0%,8
rv furnace propane consumption per hour 20000 btu,0,3,0%,9.33
how much would gas cost at 200 a barrel,0,3,0%,10
how much would gas cost if oil is $200 a barrel,0,3,0%,11.33
twitch revenue calculator,0,3,0%,35
sonotube concrete calculator,0,3,0%,40.33
bullet drop calculator,0,3,0%,41.67
sourdough starter calculator,0,3,0%,44
convert steps to calories,0,3,0%,51.67
12000 steps to calories,0,3,0%,52.67
drug half-life calculator,0,3,0%,58
population increase calculator,0,3,0%,58
freelance rates calculator,0,3,0%,60
swim calculator,0,3,0%,63.33
quilt calculator for backing,0,3,0%,64
fuel calculator trip,0,3,0%,67.67
road trip calculator,0,3,0%,70
truck cost per mile calculator,0,3,0%,70
student debt payment calculator,0,3,0%,71
laminate flooring installation cost calculator,0,3,0%,71.33
виза калькулятор,0,3,0%,73
laminate floor layout planner,0,3,0%,73.33
estimate student loan payment,0,3,0%,74.33
social security retirement payment calculator,0,3,0%,74.67
battery calculator,0,3,0%,75
blown in insulation calculator,0,3,0%,75.67
how to find population growth,0,3,0%,76.67
student loan repayment estimator,0,3,0%,76.67
estimate student loan payments,0,3,0%,78
how much insulation do i need,0,3,0%,78
heat index formula,0,3,0%,79.67
gas mileage calculator,0,3,0%,80.67
home battery backup calculator,0,3,0%,82
soil volume calculator,0,3,0%,90.67
plywood layout calculator,0,3,0%,93.33
"20,000 btu rv furnace propane consumption lbs per hour",0,2,0%,5.5
how much would a gallon of gas cost if oil was $200 a barrel,0,2,0%,8
muzzle energy calculator,0,2,0%,9
what would gas prices be if oil is $200 per barrel,0,2,0%,9.5
how many labels on a sheet,0,2,0%,10
how much will gas be if oil is $200 a barrel,0,2,0%,11
if oil is 100 a barrel how much is gas,0,2,0%,11
1:3:3 sourdough ratio calculator,0,2,0%,11.5
bioritme calculator,0,2,0%,28
swr retirement,0,2,0%,30
how much concrete for 12 inch sonotube,0,2,0%,40
twitch sub calculator,0,2,0%,40
crypto portfolio rebalancing tool,0,2,0%,40.5
risk meter wildfire score,0,2,0%,44.5
safe withdrawal rate,0,2,0%,45.5
half life calculator drugs,0,2,0%,47
half-life calculator drugs,0,2,0%,47.5
sonotube size chart,0,2,0%,50
swim pace calculator,0,2,0%,50
print aspect ratio calculator,0,2,0%,50.5
plywood calculator,0,2,0%,51
pace calculator swimming,0,2,0%,52
13000 steps in calories,0,2,0%,53
social security benefits estimator,0,2,0%,53
social security payout calculator,0,2,0%,54.5
wilks formula,0,2,0%,56
wilks score,0,2,0%,57.5
freelancer fees calculator,0,2,0%,58
calculate population growth,0,2,0%,60
freelance wage calculator,0,2,0%,60
attic insulation calculator,0,2,0%,61.5
g force calculator,0,2,0%,62
ssa benefit calculator,0,2,0%,63
laminate floor calculator,0,2,0%,65
safe withdrawal rate chart,0,2,0%,65.5
student loan calculator payment,0,2,0%,65.5
calculate fuel for a trip,0,2,0%,66.5
cellulose insulation estimator,0,2,0%,66.5
ink consumption calculator,0,2,0%,66.5
online calculator benefits,0,2,0%,67.5
road trip gas calculator,0,2,0%,68.5
gas estimate trip,0,2,0%,69
insulation calculator for walls,0,2,0%,69
resolution calculator,0,2,0%,70
relocation pay calculator,0,2,0%,71
vo2 max calculator,0,2,0%,71
estimate social security payout,0,2,0%,71.5
insulation estimator,0,2,0%,71.5
trip fuel calculator,0,2,0%,71.5
gas estimator for travel,0,2,0%,72
calculator freelance,0,2,0%,72.5
heat index calculator,0,2,0%,72.5
wind speed calculator,0,2,0%,73
integer calculation,0,2,0%,73.5
social security benefit calculation,0,2,0%,73.5
student loan amortization calculator,0,2,0%,73.5
gravity force calculator,0,2,0%,74
planting spacing calculator,0,2,0%,74
student loan repayment plan calculator,0,2,0%,74
car trip calculator,0,2,0%,74.5
cellulose insulation calculator,0,2,0%,74.5
student loan calculators,0,2,0%,74.5
student loan repayment calculator extra payments,0,2,0%,74.5
water heater first hour rating calculator,0,2,0%,74.5
off grid battery calculator,0,2,0%,75.5
social security retirement benefit calculator,0,2,0%,77.5
biorhythm chart,0,2,0%,78
freelance income calculator,0,2,0%,78
estimated student loan payment,0,2,0%,79
drainage gradient calculator,0,2,0%,79.5
average cost per mile to drive 2022,0,2,0%,80
dew point calculation,0,2,0%,80.5
soil pipe fall calculator,0,2,0%,80.5
calculate drainage fall,0,2,0%,81
hot water size calculator,0,2,0%,81
morgan dollar melt value,0,2,0%,81
student loan payment calculator,0,2,0%,81.5
fall calculator drainage,0,2,0%,82
electric water heater size calculator,0,2,0%,82.5
cement blocks calculator,0,2,0%,83.5
precious metal storage fees,0,2,0%,83.5
planting calculator,0,2,0%,84.5
calculating student loan payments,0,2,0%,85
road trip fuel calculator,0,2,0%,85.5
social security retirement calculator,0,2,0%,85.5
battery storage calculator,0,2,0%,86
epoxy flooring cost calculator,0,2,0%,86
dpi to resolution,0,2,0%,86.5
drainage calculator,0,2,0%,87.5
water heater size calculator,0,2,0%,87.5
mileage cost,0,2,0%,89.5
final salary pension calculator uk,0,2,0%,91
beer gravity calculator,0,2,0%,91.5
resolution+to+dpi,0,2,0%,92
peak shaving calculator,0,2,0%,93
dimensional weight calculator,0,2,0%,96.5
concrete block calculator,0,2,0%,97
concrete block estimator,0,2,0%,98
salary sacrifice pension calculator,0,2,0%,100
biorhythm cycle,0,1,0%,6
cost per mile to drive suv,0,1,0%,6
melatonin half life calculator,0,1,0%,6
mood calculator,0,1,0%,6
"""vo2 max"" ""men"" ""50-59"" ""low"" ""<31""",0,1,0%,7
biorhytm calculator,0,1,0%,7
standard annual mileage for vehicle total cost of ownership calculations,0,1,0%,7
swr calculator retirement,0,1,0%,7
food truck profit calculator,0,1,0%,8
overpopulation calculator,0,1,0%,8
page coverage calculator,0,1,0%,8
rv 20000 btu furnace propane consumption per hour,0,1,0%,8
ai score calculator,0,1,0%,9
biorhythm calculation formula physical emotional intellectual,0,1,0%,9
how much battery backup do i need for my house calculator,0,1,0%,9
taylor ko calculator,0,1,0%,9
wind converter,0,1,0%,9
if oil is $200 a barrel how much is a gallon,0,1,0%,10
lutin09 twitch income estimate or revenue or earnings,0,1,0%,10
business license calculator,0,1,0%,11
fertilizer cost per acre calculator,0,1,0%,11
how much will gas be if oil is 200 a barrel,0,1,0%,11
ink cost calculator,0,1,0%,11
lutin09 twitch monthly income estimate,0,1,0%,11
minimum slope 4 inch building drain 1/8 in per foot,0,1,0%,11
twitch earnings calculator,0,1,0%,11
cost per mile to operate a car,0,1,0%,12
how much would gas be at 200 a barrel,0,1,0%,12
how to calculate ink cost per page,0,1,0%,13
vo2max percentiles by age men 35-40,0,1,0%,16
visa fee calculator,0,1,0%,17
estimated cost per mile driving car,0,1,0%,18
vo2max percentiles men age 35-39 or 38,0,1,0%,18
fertilizer cost per acre,0,1,0%,20
ink cost per page,0,1,0%,24
temperature and humidity calculator,0,1,0%,25
wildfire mitigation score,0,1,0%,25
wind speed converter,0,1,0%,27
how many bags of concrete to fill a 8'' sonotube,0,1,0%,31
drain slope calculator,0,1,0%,33
brickforce calculator,0,1,0%,34
social security benefits calculator,0,1,0%,36
calculating bullet drop,0,1,0%,37
roll insulation calculator,0,1,0%,37
sonotube dimensions,0,1,0%,37
jewson brick calculator,0,1,0%,38
twitch money calculator,0,1,0%,38
free social security calculator,0,1,0%,41
calculate force of gravity,0,1,0%,42
crop factor calculator,0,1,0%,42
focal length equivalent calculator,0,1,0%,42
half life calculator drug,0,1,0%,43
ss benefits calculator,0,1,0%,43
ss quick calculator,0,1,0%,43
campground valuation calculator,0,1,0%,44
freelance pay calculator,0,1,0%,44
calculator for ss benefits,0,1,0%,45
concrete calculator for sonotubes,0,1,0%,45
quick social security calculator,0,1,0%,45
biorythme calculator,0,1,0%,46
what size sonotube do i need for a 6x6 post,0,1,0%,46
calculator for social security benefits,0,1,0%,47
estimate social security benefits,0,1,0%,47
how many bags of concrete for a 12 inch sonotube,0,1,0%,47
how much student loan do i have left,0,1,0%,47
starter calculator,0,1,0%,47
sonotube concrete calculator bags,0,1,0%,48
calculate social security benefits,0,1,0%,49
core fill grout calculator,0,1,0%,50
plywood estimator,0,1,0%,50
population growth calculator,0,1,0%,50
ss benefit estimate,0,1,0%,50
ssa benefits calculator,0,1,0%,50
steps.to calories,0,1,0%,50
calculating social security benefits,0,1,0%,51
whats a good wilks score,0,1,0%,51
wildfire risk score,0,1,0%,51
milk standardization calculator,0,1,0%,52
good wilks score,0,1,0%,53
insulation calculator attic,0,1,0%,53
insulation calculator for attic,0,1,0%,53
silver coin melt value calculator,0,1,0%,53
swim time calculator,0,1,0%,53
swimming pace calculator,0,1,0%,53
calculate ss,0,1,0%,54
silver melt calc,0,1,0%,54
wilks coefficient,0,1,0%,54
gas fee calculator,0,1,0%,55
social security benefit calculator,0,1,0%,55
boat fuel consumption calculator,0,1,0%,56
half life drug calculator,0,1,0%,56
insulation attic calculator,0,1,0%,56
melt value silver coins calculator,0,1,0%,56
sonotube sizing,0,1,0%,56
steps per calorie,0,1,0%,56
13000 steps calories,0,1,0%,57
drug half life calculator,0,1,0%,57
growth rate calculator population,0,1,0%,57
subfloor calculator,0,1,0%,57
atticat insulation calculator,0,1,0%,58
average cost per mile,0,1,0%,58
canada marginal tax rate calculator,0,1,0%,58
12000 steps in calories,0,1,0%,59
crop sensor calculator,0,1,0%,59
provincial and federal tax,0,1,0%,59
temperature with humidity calculator,0,1,0%,59
17000 steps calories,0,1,0%,60
social security calculator estimate,0,1,0%,60
swim calculator pace,0,1,0%,60
swimming calculator pace,0,1,0%,60
backing for quilts calculator,0,1,0%,61
overtime tax refund calculator,0,1,0%,61
laminate flooring estimate calculator,0,1,0%,62
moving out of state cost calculator,0,1,0%,62
plywood calculator for cabinets,0,1,0%,62
student+loan+repayment+calculator,0,1,0%,62
trip planner gas,0,1,0%,62
backing calculator,0,1,0%,63
bullet sectional density calculator,0,1,0%,63
fiberglass insulation calculator,0,1,0%,63
income tax calculator by province,0,1,0%,63
infant formula calculator,0,1,0%,63
melt value silver dollar,0,1,0%,63
mounjaro half life calculator,0,1,0%,63
plywood calculator for furniture,0,1,0%,63
repayment calculator student loans,0,1,0%,63
silver dollar melt value,0,1,0%,63
silver melt calculator,0,1,0%,63
wind calculator,0,1,0%,63
calculate vehicle operating costs,0,1,0%,64
db a calculator,0,1,0%,64
how to find the heat index,0,1,0%,64
safe withdrawal rates,0,1,0%,64
self employed hourly rate calculator,0,1,0%,64
silver melt price today,0,1,0%,64
steps calorie calculator,0,1,0%,64
steps calories,0,1,0%,64
student loan payback calculator,0,1,0%,64
us silver coin melt values,0,1,0%,64
withdrawal rate calculator,0,1,0%,64
workplace pension calculator uk,0,1,0%,64
fuel trip estimator,0,1,0%,65
plant calculator spacing,0,1,0%,65
silver coin content calculator,0,1,0%,65
silver melt value today,0,1,0%,65
sizes of sonotubes,0,1,0%,65
social security estimate calculator,0,1,0%,65
ssa calculator benefits,0,1,0%,65
4x8 calculator,0,1,0%,66
alcohol content calculator beer,0,1,0%,66
blow in insulation estimator,0,1,0%,66
brickwork calculator,0,1,0%,66
calories per steps,0,1,0%,66
concrete tube calculator,0,1,0%,66
fragrance load for soy candles,0,1,0%,66
how much ai,0,1,0%,66
social security estimator tool,0,1,0%,66
student loan calculator repayment,0,1,0%,66
blow-in insulation calculator,0,1,0%,67
calculator for student loans,0,1,0%,67
drain fall calculator,0,1,0%,67
freelance calculator,0,1,0%,67
fuel trip,0,1,0%,67
how much fragrance per pound of wax,0,1,0%,67
image resolution checker online,0,1,0%,67
interest calculator student loans,0,1,0%,67
laminate calculator,0,1,0%,67
raised garden soil calculator,0,1,0%,67
wall insulation calculator,0,1,0%,67
working place pension calculator,0,1,0%,67
4x8 sheet calculator,0,1,0%,68
bags of concrete per sonotube,0,1,0%,68
benefit calculator,0,1,0%,68
calculating fall for drainage,0,1,0%,68
florida business license cost,0,1,0%,68
gas cost calculator for road trip,0,1,0%,68
homebrew calculator abv,0,1,0%,68
how much will fuel cost for my trip,0,1,0%,68
student loan interest calculator,0,1,0%,68
trip planner gas cost,0,1,0%,68
waste pipe fall calculator,0,1,0%,68
wind 100m calculator,0,1,0%,68
calculate fuel trip,0,1,0%,69
drainage fall calculator free,0,1,0%,69
foul drainage fall calculator,0,1,0%,69
gas estimate for travel,0,1,0%,69
gas trip calculator canada,0,1,0%,69
medicare retirement calculator,0,1,0%,69
melt price of coins,0,1,0%,69
plant calculator,0,1,0%,69
social calculator,0,1,0%,69
social security annuity calculator,0,1,0%,69
student loan monthly payment calculator,0,1,0%,69
blow in insulation calculator,0,1,0%,70
buying power calculator,0,1,0%,70
calculate backing for quilt,0,1,0%,70
cellulose blown insulation calculator,0,1,0%,70
gas price estimator trip,0,1,0%,70
how much gas will cost for my trip,0,1,0%,70
how much will gas cost me for my trip,0,1,0%,70
insulation calculator blow in,0,1,0%,70
laminate flooring layout planner,0,1,0%,70
quick calculator for social security,0,1,0%,70
social security online calculator,0,1,0%,70
student loan debt calculator,0,1,0%,70
student loan repaye calculator,0,1,0%,70
student loans payment calculator,0,1,0%,70
blown insulation calculator,0,1,0%,71
blown-in insulation calculator,0,1,0%,71
brick wall calculator,0,1,0%,71
cellulose blown-in insulation calculator,0,1,0%,71
coin melt value,0,1,0%,71
fuel mileage trip calculator,0,1,0%,71
insulation cellulose calculator,0,1,0%,71
laminate floor cost calculator,0,1,0%,71
melt coin value,0,1,0%,71
melt value coin,0,1,0%,71
round trip calculator,0,1,0%,71
social security retirement benefits calculator,0,1,0%,71
trip calculator by car,0,1,0%,71
auto trip calculator,0,1,0%,72
cost per mile calculator,0,1,0%,72
fuel trip planner,0,1,0%,72
gas cost calculator road trip,0,1,0%,72
melt value,0,1,0%,72
ovulation free calculator,0,1,0%,72
travel gas estimator,0,1,0%,72
trip cost calculator,0,1,0%,72
block wall calculator,0,1,0%,73
brickwork calculation,0,1,0%,73
calculate student loan payoff,0,1,0%,73
calculator fuel,0,1,0%,73
db calculator,0,1,0%,73
dimensions calculator,0,1,0%,73
estimating gas cost for trip,0,1,0%,73
gas calculator by miles,0,1,0%,73
gas cost calculator for trip,0,1,0%,73
raised garden bed soil calculator,0,1,0%,73
rate per mile calculator,0,1,0%,73
repay student loan calculator,0,1,0%,73
repaye payment calculator,0,1,0%,73
running cost car calculator,0,1,0%,73
steps to calories burned calculator,0,1,0%,73
student loan calculator payoff,0,1,0%,73
temp dew point calculator,0,1,0%,73
trip cost calculator gas,0,1,0%,73
trip gas price estimator,0,1,0%,73
fuel calculator trip cost,0,1,0%,74
gas calculator trip,0,1,0%,74
gas mileage calculator trip,0,1,0%,74
gas mileage trip calculator,0,1,0%,74
humidex calculator,0,1,0%,74
insulation cost calculator,0,1,0%,74
laminate floor direction calculator,0,1,0%,74
overtime calculator with taxes,0,1,0%,74
spacing plants,0,1,0%,74
ssi calculator,0,1,0%,74
travel fuel cost estimator,0,1,0%,74
zeroing calculator,0,1,0%,74
24 inch concrete tube forms,0,1,0%,75
calculate gas cost for road trip,0,1,0%,75
calculate student loans,0,1,0%,75
cellulose blow in insulation calculator,0,1,0%,75
gas travel calculator,0,1,0%,75
gas trip calculator,0,1,0%,75
how to figure fuel cost for a trip,0,1,0%,75
humidity temperature calculator,0,1,0%,75
student loan extra payment calculator,0,1,0%,75
trip calculator cost,0,1,0%,75
ups dimensional weight calculator,0,1,0%,75
calculate trip fuel cost,0,1,0%,76
employer pension contribution calculator,0,1,0%,76
gas calculator trip cost,0,1,0%,76
horsepower calculation,0,1,0%,76
ovulation calculator free,0,1,0%,76
road trip gas cost,0,1,0%,76
roof plywood calculator,0,1,0%,76
trip calculator,0,1,0%,76
trip fuel cost estimator,0,1,0%,76
attic insulation calculator cellulose,0,1,0%,77
beer alcohol percentage calculator,0,1,0%,77
horsepower and torque calculator,0,1,0%,77
horsepower table,0,1,0%,77
hot water heater calculator,0,1,0%,77
hot water sizing,0,1,0%,77
how much soil for raised bed garden,0,1,0%,77
school loan calculator,0,1,0%,77
silver coin value calculator,0,1,0%,77
silver melt,0,1,0%,77
swim pace,0,1,0%,77
travel gas cost calculator,0,1,0%,77
calculate fuel cost trip,0,1,0%,78
cost of road trip,0,1,0%,78
drain gradient calculator,0,1,0%,78
drainage falls calculator,0,1,0%,78
fragrance calculator for candles,0,1,0%,78
gas calculator by car,0,1,0%,78
how much is a business license in florida,0,1,0%,78
ozempic half life calculator,0,1,0%,78
pension contribution calculator uk,0,1,0%,78
post grad loan calculator,0,1,0%,78
running cost of car calculator,0,1,0%,78
silver dime melt value,0,1,0%,78
social security retirement calculators,0,1,0%,78
travel gas expense calculator,0,1,0%,78
workplace pension contribution calculator,0,1,0%,78
biorhythm calendar,0,1,0%,79
calculate cost of gas for a trip,0,1,0%,79
calculate fuel for trip,0,1,0%,79
calculate student loan payment,0,1,0%,79
cost of gas trip calculator,0,1,0%,79
fuel cost calculator by miles,0,1,0%,79
gross pension contribution calculator,0,1,0%,79
melt value of morgan silver dollars,0,1,0%,79
mileage calculator cents per mile,0,1,0%,79
ovulation period calculator,0,1,0%,79
plant spacing calculator,0,1,0%,79
raised beds soil calculator,0,1,0%,79
retirement benefits calculator social security,0,1,0%,79
retirement calculator ssa,0,1,0%,79
running costs of a car calculator,0,1,0%,79
ssa pension calculator,0,1,0%,79
ups dim weight calculator,0,1,0%,79
block wall footing calculator,0,1,0%,80
box size calculator,0,1,0%,80
calculate cents per mile,0,1,0%,80
calculate heat index,0,1,0%,80
cement block estimator,0,1,0%,80
fuel mileage calculator,0,1,0%,80
gas calculator miles,0,1,0%,80
how to figure bowling handicap,0,1,0%,80
life+balance+check,0,1,0%,80
mile gas calculator,0,1,0%,80
ovulation-calculator,0,1,0%,80
propane consumption calculator,0,1,0%,80
silver price melt,0,1,0%,80
social security online retirement estimator,0,1,0%,80
workplace pension calculator,0,1,0%,80
dimensional weight ups calculator,0,1,0%,81
drainage pipe fall calculator,0,1,0%,81
focal length multiplier,0,1,0%,81
garage floor epoxy cost calculator,0,1,0%,81
melt value of silver dollar,0,1,0%,81
trip fuel cost calculator,0,1,0%,81
ai rate,0,1,0%,82
brewing calculator abv,0,1,0%,82
calculate cost gas trip,0,1,0%,82
calculate population,0,1,0%,82
calculator vo2max,0,1,0%,82
cost of gas trip,0,1,0%,82
social security administration retirement benefits calculator,0,1,0%,82
ssa payment calculator,0,1,0%,82
wax calculator,0,1,0%,82
calculate gas cost road trip,0,1,0%,83
calculating population growth,0,1,0%,83
gas trip cost calculator,0,1,0%,83
gasoline estimator,0,1,0%,83
raised bed dirt calculator,0,1,0%,83
soil calculator for raised bed,0,1,0%,83
student debt calculator,0,1,0%,83
abv calculator,0,1,0%,84
add battery calculator,0,1,0%,84
gas calculator,0,1,0%,84
ovulation+calculator,0,1,0%,84
silver calculator coins,0,1,0%,84
silver melt value,0,1,0%,84
social security estimator,0,1,0%,84
social security survivor benefits calculator,0,1,0%,84
soil calculator raised beds,0,1,0%,84
us silver coin melt value,0,1,0%,84
affordable health care calculator,0,1,0%,85
maxi bricks calculator,0,1,0%,85
ssa quick calculator,0,1,0%,85
wall brick calculator,0,1,0%,85
wind calculator 100m,0,1,0%,85
automobile cost calculator,0,1,0%,86
calculate hp,0,1,0%,86
gas calculator for car,0,1,0%,86
propane use calculator,0,1,0%,86
wall bricks calculator,0,1,0%,86
dimension calculation,0,1,0%,87
social security calculation of benefits,0,1,0%,87
calculate trip gas cost,0,1,0%,88
cinder block concrete calculator,0,1,0%,88
cost of road trip calculator,0,1,0%,88
dimensional weight calculator online,0,1,0%,88
fertilization calculator,0,1,0%,88
junk silver coins calculator,0,1,0%,88
plank flooring layout calculator,0,1,0%,88
soil mix calculator,0,1,0%,88
calculating ss benefits,0,1,0%,89
junk silver calculator,0,1,0%,89
original gravity calculator,0,1,0%,89
battery backup calculator,0,1,0%,90
cubic feet calculator soil,0,1,0%,90
estimate gas mileage for trip,0,1,0%,90
federal student loan repayment calculator,0,1,0%,90
international dim weight calculator,0,1,0%,90
propane usage estimator,0,1,0%,90
estimated gas cost for trip,0,1,0%,91
horsepower estimator,0,1,0%,91
monthly student loan payment calculator,0,1,0%,91
soil need calculator,0,1,0%,91
stamp duty australia,0,1,0%,91
weight dimensions calculator,0,1,0%,91
gas estimator for a trip,0,1,0%,92
abv calculation,0,1,0%,93
calculating abv,0,1,0%,93
cubic feet calculator for soil,0,1,0%,93
genai cost calculator,0,1,0%,93
girth calculator,0,1,0%,93
pension contributions calculator,0,1,0%,93
soil amendment calculator,0,1,0%,93
freight dimensional weight calculator,0,1,0%,94
how do i calculate my social security benefits,0,1,0%,94
resolution to dpi,0,1,0%,94
estimate gas cost for a trip,0,1,0%,95
flooring calculator,0,1,0%,95
gas price calculator for trip,0,1,0%,95
how to calculate cellulose insulation,0,1,0%,95
pension salary sacrifice calculator,0,1,0%,95
blow in cellulose insulation calculator,0,1,0%,96
cinder block calculator,0,1,0%,96
salary exchange pension calculator,0,1,0%,96
social security calculations,0,1,0%,96
soil calculator,0,1,0%,96
drain calculation,0,1,0%,97
estimate gas price for trip,0,1,0%,97
final salary pension scheme calculator,0,1,0%,97
horsepower calculator,0,1,0%,97
pension salary exchange calculator,0,1,0%,97
3d printing cost calculator,0,1,0%,98
interest on student loans calculator,0,1,0%,98
work out pension contributions,0,1,0%,98
calculate fuel cost for trip,0,1,0%,99
estimate cost of gas for a trip,0,1,0%,100
heat calculator,0,1,0%,100
shipping dimensional weight calculator,0,1,0%,100
social security payment calculator,0,1,0%,100